{
    "train_loss": [
        0.4345120200454149,
        0.33185911429829373,
        0.2981001211135367,
        0.2839508665736418,
        0.26025859364525006,
        0.24727100530249435,
        0.22888880351904867,
        0.21780834350258457,
        0.20389859673437163,
        0.18873374464347697,
        0.17920592568847243,
        0.1693506768260281,
        0.15690772490424298,
        0.150215539182428,
        0.1429029704426242,
        0.14002924217154858,
        0.4332366944182404,
        0.32880563795739826,
        0.29967714121651856,
        0.2777658452030791,
        0.2603930003540374,
        0.24468660818109678,
        0.23284320845160372,
        0.21649057935750068,
        0.20317993200178322,
        0.19086891535647907,
        0.1791830943277387,
        0.1668500666395588,
        0.15622075497670923,
        0.14738572247564619,
        0.14231352106299858,
        0.14167767241840837,
        0.4339269255721119,
        0.32979661112564596,
        0.29564515787696594,
        0.27897265739197474,
        0.2614488125627124,
        0.2460684073049315,
        0.2286812091154198,
        0.21631387110290573,
        0.20339969511761136,
        0.18937045482507106,
        0.17971003143831568,
        0.16651692212326452,
        0.15796144839733578,
        0.15028372836342557,
        0.14292994724061384,
        0.14033060313776397,
        0.43613248047700454,
        0.32903658086434007,
        0.2959884695632946,
        0.2798731892672909,
        0.2675465280244257,
        0.246881254537161,
        0.23078621945582156,
        0.2196426112421377,
        0.2068441084391156,
        0.193134471081024,
        0.18019931423640267,
        0.16850139191211744,
        0.15991900137593146,
        0.1474601704218468,
        0.14480519151250118,
        0.13983355105859985,
        0.43750819018067316,
        0.3320867865411348,
        0.29993697379304224,
        0.28622900439036447,
        0.266860781870999,
        0.24938929051723938,
        0.23915475001558661,
        0.22165328748307603,
        0.20686631463738808,
        0.19602844758814764,
        0.18313694848180856,
        0.17147587408679862,
        0.15988095785859366,
        0.1537142530568269,
        0.1469848852802263,
        0.14464900366079367
    ],
    "train_acc": [
        80.47494602886036,
        86.01295307351437,
        87.77070787410521,
        88.72173616634474,
        89.69208044540393,
        90.3397341211226,
        91.28167253721168,
        91.75661856607204,
        92.3065560731735,
        92.95420974889217,
        93.37575275536871,
        93.82911032837177,
        94.38245653902966,
        94.57448017270765,
        94.98920577207136,
        95.02897398022952,
        80.54425633450744,
        86.14816498125214,
        87.78661515736849,
        88.84444949437564,
        89.78752414498352,
        90.45222133848426,
        91.02942847403705,
        91.7713896148165,
        92.26565163049654,
        92.85762981479377,
        93.44051812294057,
        94.01204408589933,
        94.3676854902852,
        94.76423133734802,
        94.96875355073287,
        94.89262583797296,
        80.61811157822974,
        86.15839109192137,
        88.01386206112942,
        88.74446085672082,
        89.6341324849449,
        90.42154300647654,
        91.15214180206794,
        91.7986592432678,
        92.4497216225429,
        92.98034314282468,
        93.33143960913533,
        93.96886717418475,
        94.25519827292354,
        94.61879331894103,
        94.9744347233269,
        94.98352459947733,
        80.3874559709124,
        86.16520849903421,
        87.83660947619589,
        88.78195659584138,
        89.37052607658221,
        90.38177479831838,
        91.1430519259175,
        91.65776616293603,
        92.31337348028633,
        92.85649358027497,
        93.41324849448927,
        93.92796273150779,
        94.22565617543461,
        94.70060220429497,
        94.8801272582661,
        95.10851039654585,
        80.3658675150551,
        86.02317918418362,
        87.68889898875128,
        88.45585728894444,
        89.30916941256676,
        90.23860924894899,
        90.80559027383252,
        91.57141233950688,
        92.28610385183502,
        92.75991364617657,
        93.26894671060107,
        93.7643449607999,
        94.23701852062266,
        94.51880468128621,
        94.74605158504716,
        94.93239404613112
    ],
    "val_loss": [
        0.38716201475539874,
        0.308564284838043,
        0.29701416402362113,
        0.23048557889062998,
        0.2290025203878623,
        0.23235111526581784,
        0.21452966341099075,
        0.1673547654104051,
        0.1664613544572751,
        0.1560395041989639,
        0.15458270955186468,
        0.12942076251885398,
        0.12358663394928066,
        0.11722591740274152,
        0.1133032112875087,
        0.11235531745343144,
        0.39152360555910787,
        0.3253394663658773,
        0.33620168346651763,
        0.31605463903830494,
        0.2251483102025854,
        0.2925050391404088,
        0.1862069104235013,
        0.18034087639670213,
        0.16000501531836858,
        0.1501390695772242,
        0.13994822715853103,
        0.13077155356620287,
        0.12786645058618296,
        0.11911997781405875,
        0.11878439496260483,
        0.11643031379478702,
        0.4363927450680802,
        0.3643003262709393,
        0.40861724036594116,
        0.24416882607566062,
        0.2123198030992996,
        0.32947992039627805,
        0.17802531087532814,
        0.18101282010591307,
        0.16404662285606528,
        0.18683773953857463,
        0.14049035546012484,
        0.13236897952345655,
        0.12485246268794113,
        0.11819748408404764,
        0.12104616470927329,
        0.1164853384929471,
        0.3197254373930221,
        0.3141645917582304,
        0.40231272032441096,
        0.2826559590500628,
        0.24251121383290306,
        0.2732829757597904,
        0.22043483623108545,
        0.24477428859532918,
        0.18482687336197773,
        0.1492627261119873,
        0.15201372361124688,
        0.12931147459786124,
        0.124329051766328,
        0.1142850884014394,
        0.11393341201433349,
        0.11435338831235936,
        0.275899114249664,
        0.3563394912756806,
        0.3723000089616276,
        0.24952714880495225,
        0.2631104559594289,
        0.21275521605817038,
        0.24394641071558,
        0.17406937088492477,
        0.17958273453811227,
        0.1693806291969363,
        0.12952915050338434,
        0.1314951223564919,
        0.12004716625182651,
        0.11168074808733235,
        0.11321059628227335,
        0.11216706198878414
    ],