{
    "train_loss": [
        0.4679105703415739,
        0.34080145329366934
    ],
    "train_acc": [
        78.44903988183161,
        85.51414611975912
    ],
    "val_loss": [
        0.3827586198918695,
        0.2449138578200756
    ],
    "val_acc": [
        83.69048971707761,
        90.31246449267128
    ],
    "fold_results": []
}