{
    "train_loss": [
        0.4460640857104472,
        0.3398763186698996,
        0.29937337582042917,
        0.2845229750585764
    ],
    "train_acc": [
        79.6818543347347,
        85.51869105783433,
        87.61731621406658,
        88.5194864219975
    ],
    "val_loss": [
        0.4218055596358554,
        0.4813102765745202,
        0.2993592024499247,
        0.2340489845657938
    ],
    "val_acc": [
        81.03170094307465,
        80.78627428701284,
        86.56743551869106,
        90.91694125667537
    ],
    "fold_results": []
}